date,close
2021-03-30,5.5700
2021-03-29,5.3900
2021-03-26,5.4700
2021-03-25,5.4000
2021-03-24,5.2800
2021-03-23,5.1450
2021-03-22,5.4965
2021-03-19,5.8600
2021-03-18,5.9700
2021-03-17,6.1304
2021-03-16,6.0395
2021-03-15,6.1600
2021-03-12,6.0450
2021-03-11,6.0000
2021-03-10,5.8400
2021-03-09,5.9100
2021-03-08,5.8100
2021-03-05,5.8000
2021-03-04,5.9200
2021-03-03,6.0400
2021-03-02,5.7500
2021-03-01,5.8150
2021-02-26,5.2900
2021-02-25,5.2900
2021-02-24,5.5500
2021-02-23,5.2500
2021-02-22,5.0100
2021-02-19,4.6500
2021-02-18,4.4700
2021-02-17,4.4700
2021-02-16,4.5296
2021-02-12,4.2050
2021-02-11,4.1897
2021-02-10,4.2100
2021-02-09,4.3500
2021-02-08,4.4100
2021-02-05,4.3801
2021-02-04,4.2300
2021-02-03,4.1600
2021-02-02,4.1700
2021-02-01,3.9798
2021-01-29,3.9600
2021-01-28,4.0500
2021-01-27,3.8400
2021-01-26,3.9130
2021-01-25,3.9700
2021-01-22,4.2450
2021-01-21,4.4300
2021-01-20,4.4900
2021-01-19,4.4100
2021-01-15,4.4501
2021-01-14,4.4400
2021-01-13,4.2450
2021-01-12,4.3900
2021-01-11,4.2000
2021-01-08,4.3000
2021-01-07,4.3102
2021-01-06,4.3350
2021-01-05,4.1100
2021-01-04,4.1294
2020-12-31,4.3600
2020-12-30,4.4803
2020-12-29,4.4200
2020-12-28,4.4600
2020-12-24,4.4500
2020-12-23,4.3998
2020-12-22,4.1100
2020-12-21,3.9800
2020-12-18,4.3200
2020-12-17,4.4000
2020-12-16,4.3900
2020-12-15,4.3000
2020-12-14,4.2100
2020-12-11,4.2200
2020-12-10,4.3400
2020-12-09,4.4196
2020-12-08,4.3800
2020-12-07,4.5302
2020-12-04,4.6497
2020-12-03,4.5800
2020-12-02,4.4597
2020-12-01,4.4000
2020-11-30,4.1350
2020-11-27,4.3998
2020-11-25,4.6900
2020-11-24,4.6500
2020-11-23,4.4198
2020-11-20,4.1600
2020-11-19,4.1000
2020-11-18,4.1801
2020-11-17,4.1200
2020-11-16,4.1800
2020-11-13,3.8300
2020-11-12,3.7000
2020-11-11,3.8798
2020-11-10,3.6800
2020-11-09,3.4500
2020-11-06,2.7598
2020-11-05,2.7500
2020-11-04,2.7000
2020-11-03,2.6300
2020-11-02,2.5400
2020-10-30,2.5300
2020-10-29,2.4698
2020-10-28,2.4500
2020-10-27,2.5400
2020-10-26,2.6300
2020-10-23,2.8200
2020-10-22,2.7800
2020-10-21,2.6899
2020-10-20,2.8000
2020-10-19,2.6000
2020-10-16,2.6000
2020-10-15,2.5500
2020-10-14,2.5900
2020-10-13,2.6100
2020-10-12,2.7400
2020-10-09,2.7698
2020-10-08,2.9200
2020-10-07,4.1300
2020-10-06,4.0000
2020-10-05,4.2500
2020-10-02,4.1500
2020-10-01,3.9600
2020-09-30,4.0000
2020-09-29,4.1795
2020-09-28,4.2740
2020-09-25,4.2700
2020-09-24,4.6200
2020-09-23,4.8450
2020-09-22,5.1900
2020-09-21,5.4500
2020-09-18,5.3500
2020-09-17,5.3600
2020-09-16,5.3700
2020-09-15,5.3500
2020-09-14,5.3092
2020-09-11,4.9400
2020-09-10,5.0200
2020-09-09,5.2200
2020-09-08,5.3000
2020-09-04,5.8207
2020-09-03,5.6000
2020-09-02,5.3900
2020-09-01,5.3995
2020-08-31,5.4800
2020-08-28,5.7203
2020-08-27,5.6800
2020-08-26,5.4400
2020-08-25,5.3300
2020-08-24,5.1600
2020-08-21,5.0800
2020-08-20,5.0900
2020-08-19,5.2350
2020-08-18,4.9900
2020-08-17,4.8900
2020-08-14,5.1100
2020-08-13,5.3700
2020-08-12,5.5304
2020-08-11,5.7150
2020-08-10,5.3300
2020-08-07,4.9296
2020-08-06,4.9800
2020-08-05,5.1200
2020-08-04,4.6600
2020-08-03,4.3500
2020-07-31,4.4394
2020-07-30,4.8200
2020-07-29,4.8600
2020-07-28,4.9700
2020-07-27,4.8600
2020-07-24,5.1298
2020-07-23,5.3196
2020-07-22,5.5500
2020-07-21,5.5600
2020-07-20,5.4000
2020-07-17,5.5700
2020-07-16,5.6800
2020-07-15,5.8200
2020-07-14,5.3100
2020-07-13,5.3500
2020-07-10,5.4700
2020-07-09,5.3000
2020-07-08,5.4000
2020-07-07,5.5300
2020-07-06,5.7500
2020-07-02,5.8000
2020-07-01,5.5800
2020-06-30,5.6000
2020-06-29,5.6500
2020-06-26,5.5100
2020-06-25,5.8000
2020-06-24,5.7500
2020-06-23,6.2800
2020-06-22,6.4600
2020-06-19,6.6000
2020-06-18,6.6900
2020-06-17,6.8000
2020-06-16,7.0200
2020-06-15,6.8900
2020-06-12,7.0200
2020-06-11,6.4300
2020-06-10,7.3200
2020-06-09,8.0100
2020-06-08,8.6200
2020-06-05,8.2000
2020-06-04,7.3300
2020-06-03,7.1600
2020-06-02,6.3900
2020-06-01,6.0600
2020-05-29,5.6700
2020-05-28,6.0200
2020-05-27,6.1300
2020-05-26,6.1500
2020-05-22,4.7200
2020-05-21,5.0700
2020-05-20,4.9500
2020-05-19,4.9800
2020-05-18,4.6900
2020-05-15,4.1500
2020-05-14,4.2100
2020-05-13,4.2300
2020-05-12,4.5000
2020-05-11,4.6600
2020-05-08,4.9600
2020-05-07,4.7400
2020-05-06,4.9000
2020-05-05,4.9100
2020-05-04,5.1800
2020-05-01,5.4100
2020-04-30,5.6900
2020-04-29,5.8400
2020-04-28,5.6400
2020-04-27,5.5900
2020-04-24,5.5500
2020-04-23,5.5900
2020-04-22,5.6100
2020-04-21,5.6600
2020-04-20,5.5700
2020-04-17,5.8800
2020-04-16,5.5500
2020-04-15,5.5600
2020-04-14,6.0500
2020-04-13,6.1300
2020-04-09,6.2800
2020-04-08,6.3400
2020-04-07,5.8800
2020-04-06,5.6500
2020-04-03,4.9400
2020-04-02,5.1000
2020-04-01,4.9800
2020-03-31,5.2200
2020-03-30,5.1300
2020-03-27,5.4100
2020-03-26,5.6600
2020-03-25,5.4800
2020-03-24,5.2200
2020-03-23,4.7100
2020-03-20,4.9100
2020-03-19,4.6800
2020-03-18,5.0700
2020-03-17,5.7500
2020-03-16,6.1600
2020-03-13,9.2000
2020-03-12,8.9500
2020-03-11,10.0500
2020-03-10,11.4600
2020-03-09,10.5000
2020-03-06,11.2200
2020-03-05,10.5700
2020-03-04,11.6500
2020-03-03,11.6500
2020-03-02,11.2700
2020-02-28,12.2000
2020-02-27,12.7500
2020-02-26,14.1300
2020-02-25,13.9100
2020-02-24,14.4900
2020-02-21,16.0600
2020-02-20,16.3300
2020-02-19,16.5300
2020-02-18,16.4800
2020-02-14,16.5700
2020-02-13,16.3900
2020-02-12,16.5700
2020-02-11,16.2400
2020-02-10,15.6300
2020-02-07,15.5600
2020-02-06,16.0800
2020-02-05,16.0800
2020-02-04,15.4800
2020-02-03,14.9200
2020-01-31,14.8700
2020-01-30,15.0850
2020-01-29,15.3600
2020-01-28,15.3600
2020-01-27,15.2100
2020-01-24,16.0400
2020-01-23,16.1700
2020-01-22,16.6000
2020-01-21,16.5200
2020-01-17,17.4800
2020-01-16,16.7100
2020-01-15,16.6600
2020-01-14,16.7400
2020-01-13,17.0500
2020-01-10,17.2400
2020-01-09,16.5200
2020-01-08,16.1300
2020-01-07,16.0900
2020-01-06,16.0400
2020-01-03,16.3100
2020-01-02,16.6600
2019-12-31,16.5500
2019-12-30,16.3800
2019-12-27,16.3300
2019-12-26,16.1000
2019-12-24,16.2700
2019-12-23,16.1300
2019-12-20,16.3700
2019-12-19,16.2200
2019-12-18,16.3800
2019-12-17,16.3700
2019-12-16,16.9900
2019-12-13,16.8200
2019-12-12,14.5400
2019-12-11,14.3400
2019-12-10,14.3300
2019-12-09,14.4800
2019-12-06,14.6100
2019-12-05,14.4000
2019-12-04,14.5000
2019-12-03,14.0500
2019-12-02,14.0000
2019-11-29,14.3200
2019-11-27,14.3000
2019-11-26,14.6600
2019-11-25,14.4400
2019-11-22,14.1700
2019-11-21,14.1700
2019-11-20,14.1200
2019-11-19,14.2200
2019-11-18,14.1400
2019-11-15,14.3600
2019-11-14,13.9500
2019-11-13,13.8000
2019-11-12,13.9200
2019-11-11,13.8600
2019-11-08,13.7900
2019-11-07,13.8600
2019-11-06,13.9800
2019-11-05,13.9000
2019-11-04,14.1200
2019-11-01,13.9700
2019-10-31,13.7200
2019-10-30,13.4300
2019-10-29,13.4500
2019-10-28,13.3000
2019-10-25,13.3700
2019-10-24,13.2100
2019-10-23,13.1300
2019-10-22,13.3400
2019-10-21,13.5300
2019-10-18,13.1100
2019-10-17,13.1600
2019-10-16,13.1500
2019-10-15,13.2300
2019-10-14,12.3500
2019-10-11,12.5500
2019-10-10,11.5100
2019-10-09,11.1900
2019-10-08,11.2500
2019-10-07,11.5700
2019-10-04,11.2900
2019-10-03,11.1300
2019-10-02,11.3500
2019-10-01,11.6300
2019-09-30,11.7500
2019-09-27,11.6300
2019-09-26,11.3800
2019-09-25,11.8800
2019-09-24,11.8100
2019-09-23,11.6300
2019-09-20,11.8100
2019-09-19,11.5800
2019-09-18,11.2000
2019-09-17,10.9300
2019-09-16,11.0000
2019-09-13,11.3500
2019-09-12,11.2000
2019-09-11,11.1500
2019-09-10,10.8000
2019-09-09,10.3700
2019-09-06,10.4900
2019-09-05,10.5400
2019-09-04,10.2300
2019-09-03,9.9800
2019-08-30,10.1500
2019-08-29,10.2800
2019-08-28,10.0500
2019-08-27,10.3000
2019-08-26,10.1800
2019-08-23,10.1400
2019-08-22,10.2500
2019-08-21,10.0600
2019-08-20,10.0500
2019-08-19,10.1700
2019-08-16,10.1500
2019-08-15,9.9700
2019-08-14,10.0500
2019-08-13,10.6200
2019-08-12,10.7200
2019-08-09,10.8500
2019-08-08,11.1300
2019-08-07,10.9500
2019-08-06,10.7000
2019-08-05,10.7000
2019-08-02,10.5400
2019-08-01,9.8700
2019-07-31,10.2300
2019-07-30,9.9700
2019-07-29,10.6500
2019-07-26,10.8300
2019-07-25,10.9500
2019-07-24,11.2400
2019-07-23,11.2400
2019-07-22,11.1800
2019-07-19,11.2300
2019-07-18,11.3600
2019-07-17,11.3700
2019-07-16,11.4200
2019-07-15,11.3300
2019-07-12,11.4000
2019-07-11,11.1400
2019-07-10,11.0800
2019-07-09,10.9600
2019-07-08,11.2300
2019-07-05,11.3600
2019-07-03,10.8300
2019-07-02,11.5300
2019-07-01,11.8100
2019-06-28,11.8000
2019-06-27,11.3800
2019-06-26,11.2600
2019-06-25,11.0600
2019-06-24,11.3900
2019-06-21,11.6300
2019-06-20,11.6200
2019-06-19,11.0400
2019-06-18,11.3800
2019-06-17,11.1900
2019-06-14,11.5000
2019-06-13,11.7900
2019-06-12,11.5100
2019-06-11,11.7600
2019-06-10,11.7850
2019-06-07,11.8800
2019-06-06,11.8100
2019-06-05,11.8200
2019-06-04,11.7200
2019-06-03,11.2700
2019-05-31,11.2500
2019-05-30,11.5500
2019-05-29,11.5900
2019-05-28,11.5100
2019-05-24,11.8300
2019-05-23,11.9900
2019-05-22,11.8900
2019-05-21,12.4400
2019-05-20,12.6600
2019-05-17,12.8200
2019-05-16,12.7900
2019-05-15,12.9900
2019-05-14,13.1300
2019-05-13,12.9000
2019-05-10,12.9400
2019-05-09,12.6900
2019-05-08,12.9500
2019-05-07,13.4100
2019-05-06,13.6700
2019-05-03,13.7400
2019-05-02,13.9600
2019-05-01,14.5000
2019-04-30,14.2300
2019-04-29,14.1200
2019-04-26,13.8100
2019-04-25,13.6800
2019-04-24,13.7600
2019-04-23,13.9300
2019-04-22,14.4000
2019-04-18,14.4100
2019-04-17,14.6000
2019-04-16,14.2000
2019-04-15,14.1000
2019-04-12,14.1300
2019-04-11,14.1300
2019-04-10,13.4500
2019-04-09,13.3400
2019-04-08,13.6600
2019-04-05,13.6100
2019-04-04,13.5600
2019-04-03,13.8900
2019-04-02,13.3000
2019-04-01,13.2700
2019-03-29,13.1700
2019-03-28,13.3100
2019-03-27,13.6900
2019-03-26,13.4200
2019-03-25,13.6900
2019-03-22,13.8300
2019-03-21,13.9800
2019-03-20,14.3000
2019-03-19,14.7100
2019-03-18,14.3500
2019-03-15,14.5400
2019-03-14,14.3000
2019-03-13,14.2100
2019-03-12,13.9500
2019-03-11,14.1800
2019-03-08,13.9700
2019-03-07,14.4100
2019-03-06,14.9500
2019-03-05,15.0700
2019-03-04,15.2700
2019-03-01,16.0200
2019-02-28,16.0500
2019-02-27,15.9500
2019-02-26,16.2400
2019-02-25,16.6500
2019-02-22,16.8400
2019-02-21,16.7600
2019-02-20,16.9700
2019-02-19,16.8400
2019-02-15,17.2100
2019-02-14,16.9000
2019-02-13,17.2700
2019-02-12,17.7700
2019-02-11,17.8600
2019-02-08,17.0200
2019-02-07,17.3000
2019-02-06,17.2400
2019-02-05,17.1900
2019-02-04,17.2100
2019-02-01,17.0500
2019-01-31,16.9300
2019-01-30,17.1000
2019-01-29,16.8000
2019-01-28,16.4900
2019-01-25,16.7400
2019-01-24,16.5700
2019-01-23,16.6000
2019-01-22,16.0500
2019-01-18,16.0100
2019-01-17,16.1700
2019-01-16,15.8300
2019-01-15,15.5300
2019-01-14,15.6000
2019-01-11,15.7300
2019-01-10,15.2600
2019-01-09,15.3900
2019-01-08,15.2500
2019-01-07,15.3000
2019-01-04,15.1100
2019-01-03,14.7100
2019-01-02,15.2750
2018-12-31,15.5800
2018-12-28,15.7600
2018-12-27,15.4600
2018-12-26,15.1200
2018-12-24,14.9600
2018-12-21,15.3200
2018-12-20,15.5100
2018-12-19,15.2150
2018-12-18,15.3900
2018-12-17,14.8900
2018-12-14,15.4500
2018-12-13,15.4300
2018-12-12,15.3300
2018-12-11,14.9200
2018-12-10,14.7000
2018-12-07,15.3600
2018-12-06,15.7200
2018-12-04,15.3800
2018-12-03,16.1100
2018-11-30,16.0800
2018-11-29,16.1000
2018-11-28,17.2800
2018-11-27,16.9500
2018-11-26,16.9600
2018-11-23,16.7600
2018-11-21,16.4100
2018-11-20,16.1500
2018-11-19,16.3500
2018-11-16,16.3900
2018-11-15,16.4500
2018-11-14,17.0100
2018-11-13,16.9200
2018-11-12,16.3500
2018-11-09,16.8400
2018-11-08,16.5800
2018-11-07,16.6500
2018-11-06,16.1400
2018-11-05,16.1100
2018-11-02,16.0000
2018-11-01,16.1300
2018-10-31,15.4500
2018-10-30,15.0100
2018-10-29,15.0500
2018-10-26,15.0800
2018-10-25,15.0900
2018-10-24,14.5400
2018-10-23,14.7600
2018-10-22,14.5900
2018-10-19,14.6200
2018-10-18,15.0600
2018-10-17,15.4300
2018-10-16,15.6900
2018-10-15,15.3200
2018-10-12,15.5900
2018-10-11,15.3700
2018-10-10,15.4500
2018-10-09,15.9800
2018-10-08,15.9300
2018-10-05,16.1200
2018-10-04,16.1500
2018-10-03,16.5100
2018-10-02,16.4800
2018-10-01,16.7600
2018-09-28,17.2000
2018-09-27,17.2100
2018-09-26,17.5100
2018-09-25,17.4000
2018-09-24,18.1000
2018-09-21,18.2200
2018-09-20,18.3300
2018-09-19,18.1400
2018-09-18,18.0500
2018-09-17,18.1100
2018-09-14,17.8800
2018-09-13,17.8500
2018-09-12,17.7300
2018-09-11,17.4600
2018-09-10,17.3500
2018-09-07,17.3500
2018-09-06,17.7900
2018-09-05,18.0500
2018-09-04,17.8000
2018-08-31,18.0200
2018-08-30,18.3700
2018-08-29,18.5300
2018-08-28,18.3900
2018-08-27,18.4700
2018-08-24,18.2300
2018-08-23,18.0700
2018-08-22,18.2700
2018-08-21,18.1800
2018-08-20,18.0200
2018-08-17,17.6700
2018-08-16,17.6900
2018-08-15,17.2700
2018-08-14,17.4775
2018-08-13,17.3200
2018-08-10,17.4500
2018-08-09,17.6700
2018-08-08,17.7300
2018-08-07,17.5800
2018-08-06,17.6600
2018-08-03,17.6600
2018-08-02,18.0400
2018-08-01,18.4100
2018-07-31,18.6400
2018-07-30,18.1700
2018-07-27,18.1100
2018-07-26,17.9100
2018-07-25,17.7100
2018-07-24,17.7800
2018-07-23,17.7500
2018-07-20,18.0500
2018-07-19,17.9900
2018-07-18,18.1600
2018-07-17,18.0500
2018-07-16,17.8800
2018-07-13,17.7300
2018-07-12,17.6500
2018-07-11,17.8600
2018-07-10,18.0300
2018-07-09,18.1800
2018-07-06,17.8200
2018-07-05,17.8080
2018-07-03,17.6600
2018-07-02,17.3000
2018-06-29,17.5000
2018-06-28,17.4000
2018-06-27,17.6400
2018-06-26,17.9300
2018-06-25,18.7900
2018-06-22,19.3200
2018-06-21,19.1600
2018-06-20,19.2400
2018-06-19,19.0100
2018-06-18,19.1100
2018-06-15,19.0500
2018-06-14,19.1200
2018-06-13,18.9900
2018-06-12,18.7400
2018-06-11,18.7900
2018-06-08,18.5300
2018-06-07,18.7100
2018-06-06,18.6800
2018-06-05,18.2700
2018-06-04,18.6700
2018-06-01,18.3100
2018-05-31,18.1100
2018-05-30,18.2100
2018-05-29,18.3000
2018-05-25,18.5500
2018-05-24,18.3800
2018-05-23,18.1500
2018-05-22,18.8200
2018-05-21,18.5800
2018-05-18,18.4000
2018-05-17,18.5500
2018-05-16,18.3900
2018-05-15,18.5000
2018-05-14,18.7700
2018-05-11,18.8000
2018-05-10,18.7700
2018-05-09,18.9600
2018-05-08,19.1900
2018-05-07,18.3400
2018-05-04,18.4100
2018-05-03,17.5700
2018-05-02,17.5700
2018-05-01,17.4900
2018-04-30,17.3200
2018-04-27,17.3900
2018-04-26,17.3800
2018-04-25,17.3700
2018-04-24,17.4400
2018-04-23,17.2900
2018-04-20,17.1500
2018-04-19,17.2900
2018-04-18,17.6200
2018-04-17,17.6900
2018-04-16,17.6700
2018-04-13,17.4000
2018-04-12,17.3800
2018-04-11,17.4900
2018-04-10,17.8700
2018-04-09,17.6800
2018-04-06,17.3600
2018-04-05,17.2700
2018-04-04,17.1900
2018-04-03,17.2300
2018-04-02,17.1500
2018-03-29,17.3700
2018-03-28,16.8800
2018-03-27,16.9700
2018-03-26,17.2000
2018-03-23,16.7900
2018-03-22,17.2000
2018-03-21,17.3800
2018-03-20,17.6600
2018-03-19,17.6000
2018-03-16,17.6800
2018-03-15,17.6400
2018-03-14,17.7700
2018-03-13,17.5400
2018-03-12,17.4800
2018-03-09,17.3600
2018-03-08,17.4600
2018-03-07,17.3800
2018-03-06,17.0600
2018-03-05,17.1400
2018-03-02,17.1100
2018-03-01,17.0900
2018-02-28,16.8300
2018-02-27,16.8500
2018-02-26,16.8800
2018-02-23,16.5300
2018-02-22,17.3300
2018-02-21,17.1100
2018-02-20,17.1200
2018-02-16,17.0500
2018-02-15,17.1000
2018-02-14,16.9500
2018-02-13,16.8900
2018-02-12,16.7400
2018-02-09,16.6000
2018-02-08,16.4200
2018-02-07,17.1500
2018-02-06,17.7000
2018-02-05,16.9600
2018-02-02,17.6700
2018-02-01,18.4300
2018-01-31,18.1600
2018-01-30,18.0700
2018-01-29,18.2900
2018-01-26,18.4700
2018-01-25,18.0900
2018-01-24,18.4500
2018-01-23,18.5400
2018-01-22,18.2900
2018-01-19,18.2800
2018-01-18,18.0300
2018-01-17,18.0100
2018-01-16,18.1400
2018-01-12,18.4000
2018-01-11,18.1300
2018-01-10,17.7600
2018-01-09,17.9900
2018-01-08,18.0400
2018-01-05,18.0300
2018-01-04,18.0200
2018-01-03,18.1000
2018-01-02,18.2000
2017-12-29,17.5200
2017-12-28,17.4600
2017-12-27,17.4000
2017-12-26,17.3000
2017-12-22,17.2600
2017-12-21,17.3700
2017-12-20,17.1900
2017-12-19,17.2200
2017-12-18,17.0900
2017-12-15,16.9400
2017-12-14,17.0200
2017-12-13,17.0900
2017-12-12,16.9400
2017-12-11,17.0000
2017-12-08,17.1300
2017-12-07,16.8800
2017-12-06,16.6400
2017-12-05,16.7000
2017-12-04,16.6600
2017-12-01,16.6900
2017-11-30,16.6500
2017-11-29,16.4500
2017-11-28,16.3700
2017-11-27,16.2400
2017-11-24,16.0100
2017-11-22,16.0800
2017-11-21,16.1000
2017-11-20,15.9600
2017-11-17,15.8800
2017-11-16,15.8900
2017-11-15,15.5400
2017-11-14,15.4900
2017-11-13,15.4600
2017-11-10,15.8500
2017-11-09,15.7200
2017-11-08,15.8700
2017-11-07,16.1000
2017-11-06,16.3600
2017-11-03,16.3400
2017-11-02,16.5500
2017-11-01,16.7900
2017-10-31,16.9100
2017-10-30,16.7700
2017-10-27,16.3900
2017-10-26,17.6000
2017-10-25,17.7300
2017-10-24,17.3300
2017-10-23,17.2900
2017-10-20,17.3200
2017-10-19,17.1100
2017-10-18,17.1900
2017-10-17,16.7700
2017-10-16,16.3700
2017-10-13,16.5000
2017-10-12,16.5500
2017-10-11,16.4500
2017-10-10,16.0000
2017-10-09,16.0000
2017-10-06,16.0400
2017-10-05,16.1700
2017-10-04,16.2200
2017-10-03,16.4600
2017-10-02,16.0500
2017-09-29,15.8600
2017-09-28,15.9000
2017-09-27,16.0000
2017-09-26,15.6400
2017-09-25,15.7300
2017-09-22,15.8300
2017-09-21,15.8200
2017-09-20,16.0700
2017-09-19,16.3000
2017-09-18,15.8500
2017-09-15,16.0300
2017-09-14,15.9900
2017-09-13,15.9500
2017-09-12,15.9800
2017-09-11,16.1400
2017-09-08,15.7300
2017-09-07,15.5400
2017-09-06,15.4600
2017-09-05,15.5000
2017-09-01,16.0000
2017-08-31,15.8100
2017-08-30,15.5800
2017-08-29,15.8150
2017-08-28,15.9700
2017-08-25,15.8900
2017-08-24,15.8300
2017-08-23,15.6100
2017-08-22,15.7800
2017-08-21,15.9100
2017-08-18,15.6700
2017-08-17,15.9400
2017-08-16,16.2000
2017-08-15,16.1400
2017-08-14,15.8200
2017-08-11,15.7500
2017-08-10,15.9100
2017-08-09,16.0500
2017-08-08,16.2000
2017-08-07,16.2500
2017-08-04,16.1300
2017-08-03,15.9000
2017-08-02,15.7500
2017-08-01,15.7400
2017-07-31,15.2300
2017-07-28,15.6000
2017-07-27,15.4900
2017-07-26,15.5100
2017-07-25,15.1600
2017-07-24,15.2400
2017-07-21,15.3200
2017-07-20,15.4800
2017-07-19,16.2000
2017-07-18,16.2800
2017-07-17,16.3300
2017-07-14,16.5300
2017-07-13,16.2100
2017-07-12,16.0900
2017-07-11,16.1400
2017-07-10,16.3500
2017-07-07,16.2400
2017-07-06,15.9400
2017-07-05,15.7600
2017-07-03,15.7400
2017-06-30,15.8300
2017-06-29,15.7800
2017-06-28,16.0500
2017-06-27,15.4300
2017-06-26,15.6500
2017-06-23,15.2000
2017-06-22,15.1000
2017-06-21,15.2500
2017-06-20,14.8900
2017-06-19,15.1900
2017-06-16,15.0500
2017-06-15,14.8500
2017-06-14,15.3600
2017-06-13,15.3700
2017-06-12,14.8700
2017-06-09,14.8000
2017-06-08,15.3500
2017-06-07,15.2300
2017-06-06,15.1000
2017-06-05,15.2800
2017-06-02,15.5900
2017-06-01,15.4800
2017-05-31,15.5800
2017-05-30,15.4800
2017-05-26,15.6500
2017-05-25,15.9500
2017-05-24,15.7100
2017-05-23,15.5900
2017-05-22,15.4800
2017-05-19,15.5100
2017-05-18,15.2900
2017-05-17,15.1500
2017-05-16,15.3700
2017-05-15,15.4900
2017-05-12,15.3800
2017-05-11,15.3600
2017-05-10,15.6700
2017-05-09,15.6700
2017-05-08,15.7000
2017-05-05,15.6700
2017-05-04,14.8900
2017-05-03,14.3500
2017-05-02,14.4600
2017-05-01,14.4900
2017-04-28,14.4300
2017-04-27,14.1200
2017-04-26,14.4200
2017-04-25,14.4000
2017-04-24,14.5500
2017-04-21,13.8100
2017-04-20,13.9400
2017-04-19,13.8000
2017-04-18,13.4600
2017-04-17,13.6100
2017-04-13,13.3900
2017-04-12,13.3300
2017-04-11,13.4500
2017-04-10,13.0300
2017-04-07,12.8500
2017-04-06,13.1000
2017-04-05,13.0100
2017-04-04,13.0100
2017-04-03,13.1400
2017-03-31,13.2700
2017-03-30,13.1100
2017-03-29,13.1800
2017-03-28,13.3800
2017-03-27,13.4700
2017-03-24,13.8000
2017-03-23,13.6700
2017-03-22,13.6500
2017-03-21,13.9800
2017-03-20,14.0100
2017-03-17,14.1100
2017-03-16,14.2000
2017-03-15,13.8900
2017-03-14,13.6000
2017-03-13,13.8500
2017-03-10,13.8700
2017-03-09,13.8800
2017-03-08,13.3400
2017-03-07,13.4000
2017-03-06,13.5300
2017-03-03,13.3800
2017-03-02,13.4300
2017-03-01,13.6000
2017-02-28,13.3800
2017-02-27,13.1400
2017-02-24,13.2400
2017-02-23,12.6900
2017-02-22,12.6900
2017-02-21,12.7700
2017-02-17,12.7600
2017-02-16,12.7300
2017-02-15,12.6400
2017-02-14,12.6700
2017-02-13,12.4500
2017-02-10,12.2400
2017-02-09,12.3000
2017-02-08,12.0700
2017-02-07,11.8500
2017-02-06,11.8400
2017-02-03,12.1200
2017-02-02,12.1300
2017-02-01,12.3100
2017-01-31,12.0650
2017-01-30,12.1200
2017-01-27,12.5500
2017-01-26,12.3700
2017-01-25,12.6000
2017-01-24,12.3660
2017-01-23,12.3600
2017-01-20,12.2100
2017-01-19,12.0840
2017-01-18,12.0900
2017-01-17,12.2350
2017-01-13,11.9250
2017-01-12,11.7600
2017-01-11,11.9000
2017-01-10,11.7100
2017-01-09,11.3600
2017-01-06,11.4500
2017-01-05,11.6000
2017-01-04,11.0500
2017-01-03,10.8600
2016-12-30,10.7880
2016-12-29,10.8400
2016-12-28,10.8100
2016-12-27,11.2050
2016-12-23,11.1740
2016-12-22,10.9900
2016-12-21,11.1200
2016-12-20,11.1800
2016-12-19,11.1720
2016-12-16,11.4400
2016-12-15,11.1300
2016-12-14,10.8700
2016-12-13,11.3300
2016-12-12,10.9300
2016-12-09,11.1161
2016-12-08,11.3500
2016-12-07,11.0600
2016-12-06,10.5340
2016-12-05,10.5200
2016-12-02,10.5860
2016-12-01,10.6000
2016-11-30,10.7800
2016-11-29,11.1800
2016-11-28,10.8500
2016-11-25,10.9300
2016-11-23,11.2700
2016-11-22,11.3600
2016-11-21,11.0900
2016-11-18,11.1000
2016-11-17,11.2730
2016-11-16,11.2600
2016-11-15,11.4700
2016-11-14,11.0700
2016-11-11,11.1760
2016-11-10,10.9800
2016-11-09,11.0950
2016-11-08,10.9650
2016-11-07,11.0600
2016-11-04,10.8100
2016-11-03,11.2650
2016-11-02,10.8300
2016-11-01,10.7900
2016-10-31,10.5650
2016-10-28,10.5100
2016-10-27,10.0500
2016-10-26,10.2500
2016-10-25,9.8501
2016-10-24,24.6700
2016-10-21,24.4250
2016-10-20,24.5550
2016-10-19,24.0600
2016-10-18,23.8300
2016-10-17,22.9100
2016-10-14,23.0020
2016-10-13,22.6785
2016-10-12,23.0800
2016-10-11,22.6700
2016-10-10,22.3950
2016-10-07,22.6860
2016-10-06,24.0600
2016-10-05,25.3400
2016-10-04,24.8160
2016-10-03,25.4200
2016-09-30,26.0050
2016-09-29,25.3500
2016-09-28,26.1200
2016-09-27,25.7600
2016-09-26,25.5380
2016-09-23,26.1900
2016-09-22,26.6650
2016-09-21,26.0300
2016-09-20,26.1400
2016-09-19,27.0700
2016-09-16,27.3100
2016-09-15,27.7800
2016-09-14,27.3100
2016-09-13,27.6300
2016-09-12,28.1300
2016-09-09,27.6000
2016-09-08,28.0000
2016-09-07,26.8400
2016-09-06,26.8000
2016-09-02,26.0000
2016-09-01,25.9500
2016-08-31,25.1500
2016-08-30,25.7500
2016-08-29,25.5350
2016-08-26,25.4500
2016-08-25,25.8300
2016-08-24,26.4980
2016-08-23,25.8190
2016-08-22,25.6200
2016-08-19,25.1500
2016-08-18,25.5350
2016-08-17,25.1580
2016-08-16,25.7100
2016-08-15,25.8100
2016-08-12,26.2900
2016-08-11,25.6800
2016-08-10,26.1300
2016-08-09,26.3000
2016-08-08,26.0800
2016-08-05,25.8800
2016-08-04,25.1200
2016-08-03,25.7500
2016-08-02,26.2100
2016-08-01,26.2200
2016-07-29,26.7100
2016-07-28,26.9200
2016-07-27,27.2800
2016-07-26,26.3100
2016-07-25,26.4500
2016-07-22,26.6100
2016-07-21,26.6200
2016-07-20,27.4600
2016-07-19,27.6200
2016-07-18,28.4700
2016-07-15,27.9400
2016-07-14,28.4500
2016-07-13,26.7800
2016-07-12,27.1000
2016-07-11,25.4300
2016-07-08,24.2500
2016-07-07,23.1900
2016-07-06,23.1800
2016-07-05,24.7540
2016-07-01,25.3800
2016-06-30,24.8500
2016-06-29,24.1320
2016-06-28,24.2500
2016-06-27,22.7300
2016-06-24,27.1400
2016-06-23,39.1000
2016-06-22,37.3500
2016-06-21,37.0000
2016-06-20,36.6500
2016-06-17,34.6500
2016-06-16,33.5000
2016-06-15,33.6200
2016-06-14,33.2600
2016-06-13,34.3900
2016-06-10,34.8700
2016-06-09,36.9000
2016-06-08,37.1850
2016-06-07,37.7700
2016-06-06,37.8800
2016-06-03,38.5200
2016-06-02,38.6200
2016-06-01,37.7600
2016-05-31,38.7550
2016-05-27,39.5800
2016-05-26,39.9900
2016-05-25,40.5050
2016-05-24,39.0200
2016-05-23,37.7960
2016-05-20,37.3800
2016-05-19,37.8000
2016-05-18,38.2800
2016-05-17,37.4300
2016-05-16,36.8600
2016-05-13,36.0000
2016-05-12,37.1500
2016-05-11,37.3401
2016-05-10,37.5600
2016-05-09,36.8900
2016-05-06,36.7900
2016-05-05,36.7300
2016-05-04,36.9840
2016-05-03,36.9600
2016-05-02,38.6600
2016-04-29,38.5500
2016-04-28,39.5100
2016-04-27,40.5400
2016-04-26,38.9250
2016-04-25,38.3600
2016-04-22,38.1500
2016-04-21,37.8800
2016-04-20,38.4700
2016-04-19,38.0700
2016-04-18,38.3800
2016-04-15,37.8500
2016-04-14,38.4800
2016-04-13,38.4500
2016-04-12,38.0500
2016-04-11,37.8800
2016-04-08,37.2800
2016-04-07,36.9800
2016-04-06,37.7440
2016-04-05,38.6800
2016-04-04,39.7800
2016-04-01,39.4000
2016-03-31,39.9400
2016-03-30,39.7600
2016-03-29,40.0200
2016-03-28,38.7000
2016-03-24,38.2100
2016-03-23,38.8750
2016-03-22,39.0300
2016-03-21,40.2500
2016-03-18,40.9600
2016-03-17,40.0000
2016-03-16,39.6500
2016-03-15,38.3000
2016-03-14,38.8020
2016-03-11,38.7500
2016-03-10,37.2000
2016-03-09,37.8100
2016-03-08,37.4600
2016-03-07,38.5300
2016-03-04,38.8300
2016-03-03,38.0000
2016-03-02,38.4200
2016-03-01,38.9000
2016-02-29,37.7500
2016-02-26,37.5200
2016-02-25,39.0900
2016-02-24,37.6500
2016-02-23,38.6700
2016-02-22,38.1200
2016-02-19,39.0000
2016-02-18,38.9900
2016-02-17,37.5400
2016-02-16,37.0500
2016-02-12,34.9600
2016-02-11,34.6100
2016-02-10,36.3500
2016-02-09,35.1900
2016-02-08,34.7100
2016-02-05,36.4700
2016-02-04,37.5500
2016-02-03,38.8600
2016-02-02,38.3500
2016-02-01,40.2400
2016-01-29,38.9400
2016-01-28,37.6800
2016-01-27,39.2650
2016-01-26,40.3200
2016-01-25,40.2900
2016-01-22,40.2900
2016-01-21,39.0200
2016-01-20,38.9900
2016-01-19,39.3700
2016-01-15,39.0600
2016-01-14,41.0000
2016-01-13,41.5100
2016-01-12,43.6500
2016-01-11,42.7000
2016-01-08,42.7200
2016-01-07,42.8300
2016-01-06,44.0400
2016-01-05,45.1000
2016-01-04,44.2050
2015-12-31,44.7500
2015-12-30,45.4800
2015-12-29,45.0600
2015-12-28,45.1700
2015-12-24,45.3000
2015-12-23,44.6900
2015-12-22,44.6300
2015-12-21,44.2600
2015-12-18,43.4400
2015-12-17,44.2700
2015-12-16,44.2800
2015-12-15,43.6300
2015-12-14,43.0000
2015-12-11,42.7215
2015-12-10,43.5600
2015-12-09,43.5800
2015-12-08,43.8400
2015-12-07,44.2800
2015-12-04,43.4000
2015-12-03,43.2200
2015-12-02,43.0400
2015-12-01,43.5500
2015-11-30,42.7100
2015-11-27,42.4800
2015-11-25,41.5600
2015-11-24,41.7000
2015-11-23,42.6000
2015-11-20,43.7800
2015-11-19,44.6700
2015-11-18,43.9000
2015-11-17,45.0500
2015-11-16,44.5000
2015-11-13,45.1000
2015-11-12,44.9900
2015-11-11,46.7400
2015-11-10,45.8300
2015-11-09,45.2100
2015-11-06,45.5100
2015-11-05,44.1600
2015-11-04,44.6200
2015-11-03,44.8800
2015-11-02,45.2100
2015-10-30,44.4600
2015-10-29,45.7060
2015-10-28,46.3700
2015-10-27,46.6200
2015-10-26,46.7000
2015-10-23,46.0900
2015-10-22,45.3300
2015-10-21,45.4000
2015-10-20,45.7100
2015-10-19,46.8000
2015-10-16,45.9600
2015-10-15,45.9200
2015-10-14,44.5400
2015-10-13,43.5900
2015-10-12,43.7650
2015-10-09,43.2200
2015-10-08,43.3300
2015-10-07,43.0000
2015-10-06,44.5600
2015-10-05,44.5400
2015-10-02,44.4400
2015-10-01,43.8200
2015-09-30,44.4800
2015-09-29,43.4000
2015-09-28,44.3900
2015-09-25,45.8100
2015-09-24,45.2000
2015-09-23,45.3500
2015-09-22,43.7200
2015-09-21,46.0000
2015-09-18,46.2500
2015-09-17,47.1900
2015-09-16,46.4200
2015-09-15,46.1000
2015-09-14,45.4700
2015-09-11,45.3350
2015-09-10,45.1000
2015-09-09,43.8500
2015-09-08,44.0500
2015-09-04,42.5400
2015-09-03,42.5500
2015-09-02,41.4700
2015-09-01,39.7500
2015-08-31,41.3900
2015-08-28,41.3900
2015-08-27,41.8200
2015-08-26,41.6900
2015-08-25,39.9200
2015-08-24,38.5100
2015-08-21,39.4900
2015-08-20,41.3560
2015-08-19,42.5500
2015-08-18,43.1600
2015-08-17,42.5000
2015-08-14,42.7400
2015-08-13,42.0700
2015-08-12,41.6800
2015-08-11,42.7000
2015-08-10,43.3600
2015-08-07,42.6400
2015-08-06,42.5600
2015-08-05,42.7300
2015-08-04,42.5700
2015-08-03,42.8400
2015-07-31,41.8000
2015-07-30,42.3400
2015-07-29,43.3100
2015-07-28,43.7698
2015-07-27,42.9400
2015-07-24,43.3500
2015-07-23,44.6700
2015-07-22,44.6200
2015-07-21,43.5300
2015-07-20,44.5900
2015-07-17,44.4000
2015-07-16,43.7200
2015-07-15,43.1400
2015-07-14,43.0800
2015-07-13,42.3950
2015-07-10,41.3900
2015-07-09,39.1800
2015-07-08,37.8200
2015-07-07,38.3900
2015-07-06,37.6100
2015-07-02,38.0400
2015-07-01,39.0600
2015-06-29,38.0300
2015-06-26,40.3700
2015-06-25,40.4900
2015-06-24,40.4700
2015-06-23,41.4900
2015-06-22,41.4700
2015-06-19,40.1200
2015-06-18,39.9200
2015-06-17,38.9300
2015-06-16,39.3400
2015-06-15,39.8500
2015-06-12,40.3600
2015-06-11,40.3500
2015-06-10,40.4760
2015-06-09,39.5100
2015-06-08,39.7400
2015-06-05,40.4900
2015-06-04,40.2100
2015-06-03,41.8420
2015-06-02,42.3400
2015-06-01,42.5000
2015-05-29,42.4000
2015-05-28,43.3300
2015-05-27,43.2450
2015-05-26,42.0400
2015-05-22,41.8600
2015-05-21,43.1800
2015-05-20,44.2100
2015-05-19,43.9000
2015-05-18,44.6500
2015-05-15,44.8300
2015-05-14,44.4160
2015-05-13,43.8100
2015-05-12,43.1500
2015-05-11,43.7900
2015-05-08,44.1000
2015-05-07,42.9400
2015-05-06,41.4400
2015-05-05,40.7300
2015-05-04,43.6000
2015-05-01,42.5000
2015-04-30,41.4700
2015-04-29,43.2500
2015-04-28,44.1600
2015-04-27,44.3300
2015-04-24,43.3500
2015-04-23,43.7900
2015-04-22,43.7400
2015-04-21,43.9800
2015-04-20,42.5800
2015-04-17,42.3950
2015-04-16,42.9000
2015-04-15,43.5800
2015-04-14,43.9000
2015-04-13,44.4300
2015-04-10,45.2300
2015-04-09,44.2000
2015-04-08,44.2400
2015-04-07,43.3000
2015-04-06,44.4300
2015-04-02,44.1800
2015-04-01,44.5200
2015-03-31,44.7200
2015-03-30,44.7500
2015-03-27,44.2700
2015-03-26,43.7000
2015-03-25,44.9800
2015-03-24,45.5000
2015-03-23,44.2600
2015-03-20,44.0300
2015-03-19,42.8200
2015-03-18,43.0400
2015-03-17,42.5140
2015-03-16,43.0000
2015-03-13,42.6000
2015-03-12,42.6300
2015-03-11,41.9100
2015-03-10,41.1200
2015-03-09,41.6000
2015-03-06,41.1800
2015-03-05,42.8700
2015-03-04,43.2500
2015-03-03,42.7200
2015-03-02,43.9800
2015-02-27,44.5700
2015-02-26,43.0900
2015-02-25,43.4000
2015-02-24,43.5500
2015-02-23,43.5400
2015-02-20,42.9700
2015-02-19,43.2800
2015-02-18,42.8600
2015-02-17,43.3900
2015-02-13,42.6300
2015-02-12,43.2000
2015-02-11,42.1800
2015-02-10,41.0500
2015-02-09,40.5000
2015-02-06,40.8000
2015-02-05,41.3800
2015-02-04,40.5100
2015-02-03,40.0480
2015-02-02,39.7900
2015-01-30,40.5000
2015-01-29,42.5200
2015-01-28,41.8100
2015-01-27,42.5800
2015-01-26,41.5650
2015-01-23,40.1300
2015-01-22,39.9100
2015-01-21,38.5600
2015-01-20,38.6750
2015-01-16,37.4900
2015-01-15,37.1600
2015-01-14,36.9840
2015-01-13,36.4000
2015-01-12,35.0900
2015-01-09,35.4105
2015-01-08,35.7600
2015-01-07,36.5620
2015-01-06,36.3100
2015-01-05,37.4900
2015-01-02,37.4780
2014-12-31,37.0200
2014-12-30,37.4800
2014-12-29,36.4900
2014-12-26,37.1400
2014-12-24,37.0020
2014-12-23,36.6200
2014-12-22,36.9900
2014-12-19,36.8000
2014-12-18,36.5300
2014-12-17,34.7850
2014-12-16,35.7000
2014-12-15,35.3750
2014-12-12,34.9300
2014-12-11,35.8500
2014-12-10,35.7900
2014-12-09,36.0620
2014-12-08,37.2900
2014-12-05,37.8800
2014-12-04,36.6370
2014-12-03,36.6100
2014-12-02,35.9070
2014-12-01,36.3600
2014-11-28,35.6900
2014-11-26,34.3700
2014-11-25,34.6700
2014-11-24,34.0600
2014-11-21,33.7300
2014-11-20,33.9000
2014-11-19,33.5800
2014-11-18,33.5700
2014-11-17,33.3925
2014-11-14,33.2800
2014-11-13,33.0200
2014-11-12,32.4780
2014-11-11,33.4800
2014-11-10,32.7400
2014-11-07,31.7800
2014-11-06,32.8700
2014-11-05,32.6400
2014-11-04,32.9100
2014-11-03,33.0900
2014-10-31,32.6800
2014-10-30,31.3700
2014-10-29,30.6700
2014-10-28,31.9000
2014-10-27,31.4000
2014-10-24,29.6535
2014-10-23,29.6535
2014-10-22,29.6535
2014-10-21,29.9440
2014-10-20,29.1900
2014-10-17,27.4200
2014-10-16,27.4200
2014-10-15,26.1700
2014-10-14,26.9100
2014-10-13,25.7000
2014-10-10,29.9200
2014-10-09,29.9200
2014-10-08,29.9200
2014-10-07,29.9200
2014-10-06,29.9200
2014-10-03,28.1600
2014-10-02,28.1600
2014-10-01,28.7300
2014-09-30,29.8100
2014-09-29,29.9200
2014-09-26,29.8200
2014-09-25,29.8200
2014-09-24,31.1400
2014-09-23,31.1400
2014-09-22,31.1400
2014-09-19,31.1400
2014-09-18,30.9500
2014-09-17,30.3150
2014-09-12,30.3150
2014-09-11,30.3000
2014-09-08,30.1200
2014-09-05,30.1200
2014-09-04,30.5585
2014-09-03,30.5300
2014-09-02,29.7900
2014-08-29,29.7900
2014-08-28,29.7900
2014-08-27,30.1000
2014-08-26,29.6040
2014-08-25,28.7500
2014-08-22,28.7500
2014-08-21,28.7000
2014-08-20,28.4000
2014-08-19,28.4000
2014-08-18,28.4100
2014-08-14,27.6600
2014-08-13,27.6300
2014-08-12,27.9500
2014-08-11,27.8200
2014-08-08,26.8000
2014-08-07,26.6600
2014-08-06,27.1000
2014-08-05,26.6200
2014-08-04,27.8300
2014-08-01,28.5500
2014-07-31,28.0400
2014-07-30,28.7000
2014-07-29,28.5700
2014-07-28,28.8500
2014-07-25,28.8050
2014-07-24,29.0300
2014-07-23,28.7000
2014-07-22,28.4000
2014-07-21,27.6900
2014-07-18,28.3400
2014-07-17,28.0700
2014-07-16,29.2150
2014-07-15,28.6700
2014-07-14,28.0600
2014-07-11,28.1900
2014-07-10,28.4200
2014-07-09,29.1000
2014-07-08,28.7500
2014-07-07,30.9600
2014-07-03,31.3800
2014-07-02,31.3200
2014-07-01,32.1400
2014-06-30,31.6500
2014-06-27,32.6900
2014-06-26,32.9100
2014-06-25,32.4320
2014-06-24,32.7760
2014-06-23,32.4000
2014-06-20,32.8500
2014-06-19,32.0500
2014-06-18,32.2800
2014-06-17,32.3600
2014-06-16,32.2000
2014-06-13,32.2200
2014-06-12,32.9500
2014-06-11,33.7100
2014-06-10,34.6900
2014-06-09,35.4100
2014-06-06,35.2450
2014-06-05,34.2300
2014-06-04,33.7800
2014-06-03,33.6700
2014-06-02,33.6000
2014-05-30,33.0500
2014-05-29,33.0500
2014-05-28,32.9700
2014-05-27,32.9800
2014-05-23,32.1000
2014-05-22,32.0600
2014-05-21,32.0000
2014-05-20,31.9200
2014-05-19,31.5750
2014-05-16,30.1100
2014-05-15,30.9500
2014-05-14,32.5500
2014-05-13,33.3400
2014-05-12,33.3200
2014-05-09,32.6300
2014-05-08,34.1650
2014-05-07,33.5500
2014-05-06,34.7800
2014-05-05,34.4300
2014-05-02,34.4500
2014-05-01,34.7300
2014-04-30,34.0900
2014-04-29,33.6800
2014-04-28,33.4900
2014-04-25,33.8400
2014-04-24,34.7000
2014-04-23,34.0400
2014-04-22,34.5450
2014-04-21,34.4200
2014-04-17,34.1900
2014-04-16,33.3000
2014-04-15,31.6000
2014-04-14,31.4200
2014-04-11,32.8800
2014-04-10,34.4800
2014-04-09,35.5600
2014-04-08,34.7010
2014-04-07,35.6200
2014-04-04,36.5900
2014-04-03,36.3000
2014-04-02,36.1900
2014-04-01,35.4200
2014-03-31,34.9500
2014-03-28,34.6500
2014-03-27,34.4000
2014-03-26,34.6500
2014-03-25,34.5600
2014-03-24,34.0600
2014-03-21,34.5500
2014-03-20,35.0100
2014-03-19,35.6600
2014-03-18,36.1400
2014-03-17,35.6800
2014-03-14,35.0900
2014-03-13,36.0000
2014-03-12,37.0500
2014-03-11,36.6800
2014-03-10,36.1800
2014-03-07,37.0700
2014-03-06,37.3200
2014-03-05,37.0800
2014-03-04,36.7240
2014-03-03,35.2000
2014-02-28,36.4300
2014-02-27,37.6900
2014-02-26,37.6600
2014-02-25,37.3600
2014-02-24,37.1310
2014-02-21,37.0600
2014-02-20,37.4300
2014-02-19,36.9600
2014-02-18,37.3600
2014-02-14,37.4500
2014-02-13,36.7100
2014-02-12,35.8000
2014-02-11,35.4500
2014-02-10,34.9100
2014-02-07,35.4400
2014-02-06,34.6800
2014-02-05,33.9300
2014-02-04,33.7500
2014-02-03,33.4100
2014-01-31,34.3300
2014-01-30,34.6750
2014-01-29,33.2300
2014-01-28,33.9800
2014-01-27,33.0400
2014-01-24,33.2900
2014-01-23,35.6900
2014-01-22,36.3200
2014-01-21,35.5900
2014-01-17,35.1000
2014-01-16,35.7050
2014-01-15,36.1300
2014-01-14,35.9040
2014-01-13,34.9100
2014-01-10,35.4900
2014-01-09,35.5800
2014-01-08,35.8400
2014-01-07,35.2600
2014-01-06,33.8500
2014-01-03,33.6400
2014-01-02,33.4500
2013-12-31,33.5500
2013-12-30,33.1200
2013-12-27,33.2000
2013-12-26,33.3400
2013-12-24,33.0600
2013-12-23,32.1310
2013-12-20,32.0200
2013-12-19,32.0200
2013-12-18,31.6700
2013-12-17,30.9400
2013-12-16,31.2800
2013-12-13,30.7400
2013-12-12,30.3800
2013-12-11,30.1500
2013-12-10,30.5300
2013-12-09,30.1000
2013-12-06,29.4400
2013-12-05,29.7350
2013-12-04,30.0900
2013-12-03,30.0020
2013-12-02,29.9400
2013-11-29,30.1200
2013-11-27,30.7900
2013-11-26,30.6000
2013-11-25,30.1200
2013-11-22,29.5900
2013-11-21,29.2900
2013-11-20,28.2900
2013-11-19,28.6300
2013-11-18,29.0400
2013-11-15,29.3700
2013-11-14,30.1300
2013-11-13,30.0400
2013-11-12,30.5000
2013-11-11,30.7700
2013-11-08,30.3100
2013-11-07,27.6900
2013-11-06,28.2000
2013-11-05,27.8600
2013-11-04,28.2900
2013-11-01,28.3100
2013-10-31,28.0300
2013-10-30,28.0800
2013-10-29,28.3300
2013-10-28,28.0345
2013-10-25,28.4100
2013-10-24,29.6900
2013-10-23,29.6300
2013-10-22,29.1200
2013-10-18,29.0100
2013-10-17,28.7700
2013-10-16,28.0300
2013-10-15,27.8500
2013-10-14,27.6300
2013-10-11,27.3600
2013-10-10,27.2900
2013-10-09,26.2300
2013-10-08,26.5000
2013-10-07,27.2000
2013-10-04,27.6500
2013-10-03,27.7600
2013-10-02,28.2600
2013-10-01,27.8800
2013-09-30,27.4400
2013-09-27,27.3200
2013-09-26,27.3800
2013-09-25,27.4800
2013-09-24,26.7000
2013-09-23,26.3700
2013-09-20,26.4000
2013-09-19,26.2800
2013-09-18,26.4100
2013-09-17,26.3400
2013-09-16,25.9400
2013-09-13,25.0500
2013-09-12,24.9500
2013-09-11,24.8900
2013-09-10,25.3200
2013-09-09,24.1800
2013-09-06,23.5900
2013-09-05,23.5700
2013-09-04,22.8300
2013-09-03,23.0200
2013-08-30,22.2800
2013-08-29,22.5500
2013-08-28,22.2500
2013-08-27,23.4100
2013-08-26,24.8500
2013-08-23,24.7400
2013-08-22,24.4200
2013-08-21,24.1300
2013-08-20,24.1100
2013-08-19,24.1100
2013-08-16,24.2100
2013-08-15,23.9900
2013-08-14,24.7000
2013-08-13,24.8900
2013-08-12,24.2300
2013-08-09,25.1000
2013-08-08,25.3200
2013-08-07,24.6400
2013-08-06,24.8600
2013-08-05,25.0500
2013-08-02,24.3400
2013-08-01,22.7000
2013-07-31,22.2200
2013-07-30,22.2200
2013-07-29,22.4800
2013-07-26,22.4510
2013-07-25,22.4800
2013-07-24,22.2700
2013-07-23,22.1000
2013-07-22,22.0800
2013-07-19,22.1400
2013-07-18,21.6800
2013-07-17,20.9000
2013-07-16,20.8000
2013-07-15,20.7000
2013-07-12,20.5300
2013-07-11,20.7300
2013-07-10,20.4400
2013-07-09,20.6300
2013-07-08,20.5600
2013-07-05,20.3600
2013-07-03,20.3700
2013-07-02,20.6800
2013-07-01,20.6900
2013-06-28,20.2900
2013-06-27,20.2500
2013-06-26,19.7500
2013-06-25,20.0700
2013-06-24,19.8800
2013-06-21,20.3150
2013-06-20,20.2800
2013-06-19,20.2500
2013-06-18,20.9400
2013-06-17,20.6500
2013-06-14,20.7000
2013-06-13,20.6000
2013-06-12,19.8300
2013-06-11,19.9570
2013-06-10,20.8400
2013-06-07,21.0000
2013-06-06,20.9600
2013-06-05,20.9700
2013-06-04,21.2300
2013-06-03,21.2200
2013-05-31,21.2300
2013-05-30,21.4380
2013-05-29,20.8400
2013-05-28,21.4000
2013-05-24,20.7300
2013-05-23,20.9300
2013-05-22,21.2000
2013-05-21,21.0600
2013-05-20,21.4900
2013-05-17,21.1200
2013-05-16,21.1500
2013-05-15,20.4400
2013-05-14,20.5200
2013-05-13,20.6300
2013-05-10,21.1400
2013-05-09,21.4800
2013-05-08,21.7900
2013-05-07,21.7400
2013-05-06,21.7000
2013-05-03,21.6210
2013-05-02,21.2700
2013-05-01,21.4700
2013-04-30,21.0500
2013-04-29,21.3000
2013-04-26,21.4300
2013-04-25,21.2000
2013-04-24,21.0900
2013-04-23,20.4200
2013-04-22,19.6000
2013-04-19,19.1100
2013-04-18,18.6900
2013-04-17,19.0500
2013-04-16,19.2715
2013-04-15,19.0200
2013-04-12,18.7050
2013-04-11,19.2500
2013-04-10,19.2200
2013-04-09,18.1400
2013-04-08,17.8000
2013-04-05,18.0500
2013-04-04,19.1900
2013-04-03,19.1500
2013-04-02,19.5490
2013-04-01,19.2200
2013-03-28,19.3200
2013-03-27,18.8400
2013-03-26,19.4500
2013-03-25,19.5400
2013-03-22,19.7200
2013-03-21,19.4100
2013-03-20,19.7410
2013-03-19,20.1200
2013-03-18,20.2400
2013-03-15,20.3600
2013-03-14,19.7500
2013-03-13,19.2900
2013-03-12,19.1400
2013-03-11,18.3600
2013-03-08,18.4000
2013-03-07,18.0800
2013-03-06,18.1400
2013-03-05,18.5700
2013-03-04,18.0300
2013-03-01,17.8700
2013-02-28,18.2000
2013-02-27,16.8300
2013-02-26,16.7400
2013-02-25,16.5900
2013-02-22,17.3000
2013-02-21,17.2900
2013-02-20,17.3600
2013-02-19,17.7300
2013-02-15,17.5200
2013-02-14,17.5700
2013-02-13,17.3500
2013-02-12,17.3500
2013-02-11,16.8400
2013-02-08,17.2800
2013-02-07,16.6000
2013-02-06,16.9500
2013-02-05,16.7900
2013-02-04,16.5600
2013-02-01,16.7100
2013-01-31,16.8500
2013-01-30,17.0400
2013-01-29,17.3600
2013-01-28,17.2000
2013-01-25,17.7000
2013-01-24,17.2800
2013-01-23,16.5700
2013-01-22,16.7400
2013-01-18,16.4200
2013-01-17,17.0240
2013-01-16,16.2700
2013-01-15,16.6800
2013-01-14,16.8000
2013-01-11,16.9090
2013-01-10,15.8700
2013-01-09,15.6600
2013-01-08,15.3500
2013-01-07,15.4500
2013-01-04,15.7500
2013-01-03,15.5400
2013-01-02,15.5800
2012-12-31,15.4500
2012-12-28,14.8300
2012-12-27,15.1000
2012-12-26,15.0100
2012-12-24,15.2000
2012-12-21,15.0900
2012-12-20,15.2000
2012-12-19,15.2600
2012-12-18,14.7500
2012-12-17,14.5400
2012-12-14,13.9910
2012-12-13,13.8900
2012-12-12,14.0800
2012-12-11,13.7200
2012-12-10,13.5900
2012-12-07,13.7000
2012-12-06,14.1500
2012-12-05,13.9900
2012-12-04,13.7700
2012-12-03,13.8900
2012-11-30,13.6000
2012-11-29,13.4410
2012-11-28,13.5200
2012-11-27,13.5000
2012-11-26,13.5900
2012-11-23,13.5600
2012-11-21,13.2300
2012-11-20,13.4000
2012-11-19,12.9800
2012-11-16,12.5900
2012-11-15,12.7450
2012-11-14,13.3100
2012-11-13,13.4500
2012-11-12,13.4940
2012-11-09,13.4940
2012-11-08,13.4800
2012-11-07,13.7000
2012-11-06,14.0900
2012-11-05,13.7000
2012-11-02,12.9800
2012-11-01,12.9800
2012-10-31,12.7300
2012-10-26,12.8000
2012-10-25,12.9590
2012-10-24,12.5100
2012-10-23,12.3200
2012-10-22,12.7220
2012-10-19,12.9400
2012-10-18,13.0300
2012-10-17,12.6500
2012-10-16,12.4400
2012-10-15,12.7700
2012-10-12,12.9500
2012-10-11,12.9000
2012-10-10,12.7700
2012-10-09,12.9400
2012-10-08,13.1560
2012-10-05,13.2400
2012-10-04,13.1400
2012-10-03,13.1300
2012-10-02,12.6910
2012-10-01,12.1300
2012-09-28,11.8700
2012-09-27,12.3700
2012-09-26,12.2700
2012-09-25,12.5500
2012-09-24,12.6400
2012-09-21,12.7500
2012-09-20,12.7300
2012-09-19,12.4500
2012-09-18,12.4840
2012-09-17,12.5000
2012-09-14,12.9000
2012-09-13,12.6000
2012-09-12,12.4200
2012-09-11,12.4200
2012-09-10,11.9000
2012-09-07,11.6500
2012-09-06,11.4000
2012-09-05,11.0500
2012-09-04,11.1200
2012-08-31,11.2600
2012-08-30,11.2700
2012-08-29,11.2300
2012-08-28,11.3800
2012-08-27,11.1200
2012-08-24,11.0400
2012-08-23,11.4200
2012-08-22,11.6500
2012-08-21,11.6700
2012-08-20,11.6700
2012-08-17,11.6700
2012-08-16,11.5400
2012-08-15,11.5900
2012-08-14,11.5320
2012-08-13,11.6120
2012-08-10,11.6300
2012-08-09,11.9300
2012-08-08,11.9300
2012-08-07,12.1500
2012-08-06,11.7700
2012-08-03,11.6700
2012-08-02,12.0900
2012-08-01,12.5500
2012-07-31,12.4000
2012-07-30,12.5625
2012-07-27,12.2000
2012-07-26,11.7200
2012-07-25,11.2600
2012-07-24,11.0200
2012-07-23,11.3400
2012-07-20,12.0800
2012-07-19,12.3500
2012-07-18,12.1300
2012-07-17,12.0500
2012-07-16,12.3600
2012-07-13,12.0500
2012-07-12,11.7510
2012-07-11,12.1710
2012-07-10,12.2800
2012-07-09,12.3500
2012-07-06,12.2200
2012-07-05,12.3200
2012-07-03,12.3200
2012-07-02,12.3200
2012-06-29,12.4600
2012-06-28,11.7800
2012-06-27,12.1100
2012-06-26,12.0700
2012-06-25,11.9700
2012-06-22,12.1100
2012-06-21,12.1600
2012-06-20,12.3000
2012-06-19,12.1900
2012-06-18,11.7100
2012-06-15,11.3100
2012-06-14,11.0600
2012-06-13,11.0100
2012-06-12,11.0100
2012-06-11,11.2600
2012-06-08,11.0100
2012-06-07,11.3700
2012-06-06,10.7500
2012-06-05,10.7500
2012-06-04,10.7500
2012-06-01,10.8000
2012-05-31,10.7800
2012-05-30,10.7500
2012-05-29,11.2300
2012-05-25,10.9200
2012-05-24,11.1500
2012-05-23,11.0400
2012-05-22,11.4500
2012-05-21,11.5300
2012-05-18,11.1300
2012-05-17,11.3100
2012-05-16,12.0500
2012-05-15,12.0400
2012-05-14,12.7500
2012-05-11,13.0900
2012-05-10,13.1000
2012-05-09,13.3000
2012-05-08,13.6300
2012-05-07,14.2200
2012-05-04,14.2500
2012-05-03,14.2500
2012-05-02,14.4100
2012-05-01,14.2100
2012-04-30,14.2100
2012-04-27,14.3900
2012-04-26,14.2500
2012-04-25,14.2500
2012-04-24,13.5400
2012-04-23,13.1100
2012-04-20,13.8200
2012-04-19,13.4300
2012-04-18,13.6520
2012-04-17,13.8300
2012-04-16,13.9200
2012-04-13,13.9200
2012-04-12,14.1900
2012-04-11,13.9000
2012-04-10,14.0700
2012-04-09,14.0700
2012-04-05,14.0700
2012-04-04,14.1100
2012-04-03,14.4200
2012-04-02,14.1700
2012-03-30,14.1700
2012-03-29,14.1500
2012-03-28,13.9500
2012-03-27,14.2500
2012-03-26,14.5200
2012-03-23,14.2500
2012-03-22,14.1300
2012-03-21,14.1200
2012-03-20,14.1200
2012-03-19,13.9900
2012-03-16,13.7600
2012-03-15,13.6700
2012-03-14,13.4200
2012-03-13,13.3600
2012-03-12,12.6800
2012-03-09,12.6900
2012-03-08,12.9500
2012-03-07,12.7700
2012-03-06,13.0400
2012-03-05,13.0400
2012-03-02,13.1700
2012-03-01,12.9200
2012-02-29,12.9800
2012-02-28,12.9600
2012-02-27,12.6100
2012-02-24,12.6600
2012-02-23,12.8300
2012-02-22,12.9300
2012-02-21,13.2800
2012-02-17,13.5600
2012-02-16,13.2600
2012-02-15,13.4300
2012-02-14,13.4600
2012-02-13,13.7500
2012-02-10,13.9400
2012-02-09,14.2600
2012-02-08,14.2900
2012-02-07,14.8400
2012-02-06,14.6200
2012-02-03,14.8400
2012-02-02,14.3900
2012-02-01,14.3900
2012-01-31,14.0700
2012-01-30,13.8300
2012-01-27,13.8800
2012-01-26,14.1500
2012-01-25,13.3900
2012-01-24,13.0700
2012-01-23,13.1000
2012-01-20,13.1000
2012-01-19,12.6100
2012-01-18,11.9400
2012-01-17,12.0200
2012-01-13,12.0200
2012-01-12,11.8000
2012-01-11,11.7000
2012-01-10,11.2600
2012-01-09,11.3100
2012-01-06,11.3500
2012-01-05,11.3600
2012-01-04,11.6500
2012-01-03,11.8800
2011-12-30,11.3800
2011-12-29,11.4100
2011-12-28,11.3500
2011-12-27,11.7800
2011-12-23,11.4500
2011-12-22,11.6700
2011-12-21,11.1300
2011-12-20,11.2900
2011-12-19,10.8100
2011-12-16,10.9700
2011-12-15,11.1800
2011-12-14,11.0000
2011-12-13,11.1700
2011-12-12,11.5400
2011-12-09,11.8800
2011-12-08,11.8500
2011-12-07,11.9400
2011-12-06,12.1400
2011-12-05,12.1800
2011-12-02,11.8400
2011-12-01,11.8300
2011-11-30,11.7000
2011-11-29,11.2400
2011-11-28,11.1100
2011-11-25,10.7300
2011-11-23,10.3000
2011-11-22,10.3200
2011-11-21,10.8300
2011-11-18,11.2100
2011-11-17,10.9600
2011-11-16,11.2000
2011-11-15,11.5400
2011-11-14,11.6200
2011-11-11,12.0000
2011-11-10,11.2900
2011-11-09,11.1100
2011-11-08,12.9700
2011-11-07,12.9700
2011-11-04,12.9700
2011-11-03,13.2000
2011-11-02,12.8800
2011-11-01,12.3900
2011-10-31,13.5400
2011-10-28,13.8900
2011-10-27,14.4000
2011-10-26,13.1800
2011-10-25,13.1100
2011-10-24,13.0600
2011-10-21,12.9500
2011-10-20,12.5400
2011-10-19,13.0500
2011-10-18,13.2000
2011-10-17,12.8100
2011-10-14,13.0500
2011-10-13,13.2400
2011-10-12,13.0300
2011-10-11,12.7600
2011-10-10,12.7800
2011-10-07,12.4800
2011-10-06,12.1500
2011-10-05,12.2700
2011-10-04,11.7800
2011-10-03,11.7500
2011-09-30,11.7200
2011-09-29,12.2600
2011-09-28,12.0300
2011-09-27,12.2500
2011-09-26,11.5500
2011-09-23,11.0000
2011-09-22,11.0000
2011-09-21,11.4600
2011-09-20,11.7000
2011-09-19,12.4300
2011-09-16,12.6100
2011-09-15,12.6100
2011-09-14,12.1000
2011-09-13,11.6800
2011-09-12,11.8000
2011-09-09,12.1000
2011-09-08,12.7300
2011-09-07,13.0700
2011-09-06,12.6000
2011-09-02,13.3700
2011-09-01,14.0200
2011-08-31,14.2700
2011-08-30,14.0700
2011-08-29,13.7700
2011-08-26,13.6600
2011-08-25,13.6600
2011-08-24,13.9300
2011-08-23,13.9300
2011-08-22,13.9700
2011-08-19,14.0500
2011-08-18,14.9300
2011-08-17,15.7200
2011-08-16,15.3200
2011-08-15,15.5400
2011-08-12,15.3600
2011-08-11,15.2000
2011-08-10,14.4900
2011-08-09,14.1800
2011-08-08,15.1600
2011-08-05,16.9000
2011-08-04,15.6300
2011-08-03,17.3500
2011-08-02,17.8700
2011-08-01,18.7500
2011-07-29,19.7900
2011-07-28,18.8000
2011-07-27,19.0600
2011-07-26,19.5900
2011-07-25,19.4900
2011-07-22,19.7000
2011-07-21,19.3400
2011-07-20,18.6000
2011-07-19,18.2700
2011-07-18,17.9600
2011-07-15,18.2700
2011-07-14,18.6900
2011-07-13,18.7500
2011-07-12,18.5800
2011-07-11,18.9300
2011-07-08,19.7300
2011-07-07,19.8400
2011-07-06,20.2000
2011-07-05,20.9500
2011-07-01,20.7400
2011-06-30,20.2700
2011-06-29,20.0600
2011-06-28,20.1800
2011-06-27,19.8000
2011-06-24,19.6500
2011-06-23,19.6500
2011-06-22,19.3400
2011-06-21,19.6500
2011-06-20,19.0800
2011-06-17,18.7500
2011-06-16,18.7500
2011-06-15,18.7500
2011-06-14,19.0100
2011-06-13,18.1600
2011-06-10,17.9400
2011-06-09,18.2600
2011-06-08,18.5600
2011-06-07,18.7600
2011-06-06,18.7600
2011-06-03,19.5500
2011-06-02,19.1600
2011-06-01,19.2700
2011-05-31,19.5300
2011-05-27,19.4700
2011-05-26,19.2800
2011-05-25,19.0200
2011-05-24,19.0800
2011-05-23,19.0800
2011-05-20,20.1300
2011-05-19,20.2600
2011-05-18,19.7800
2011-05-17,19.6300
2011-05-16,19.5200
2011-05-13,19.5200
2011-05-12,20.1500
2011-05-11,20.0800
2011-05-10,20.1900
2011-05-09,20.4500
2011-05-06,20.9600
2011-05-05,20.0100
2011-05-04,19.7300
2011-05-03,19.7400
2011-05-02,20.3500
2011-04-29,19.7600
2011-04-28,19.9400
2011-04-27,19.9200
2011-04-26,19.0000
2011-04-25,18.2500
2011-04-21,18.1300
2011-04-20,18.2100
2011-04-19,17.5300
2011-04-18,17.5300
2011-04-15,18.2900
2011-04-14,18.3500
2011-04-13,18.3200
2011-04-12,18.2200
2011-04-11,17.5500
2011-04-08,17.6600
2011-04-07,18.1200
2011-04-06,18.3000
2011-04-05,17.9100
2011-04-04,18.0200
2011-04-01,18.1300
2011-03-31,18.2500
2011-03-30,18.5800
2011-03-29,18.4000
2011-03-28,18.2400
2011-03-25,18.2300
2011-03-24,18.0000
2011-03-23,17.3600
2011-03-22,18.1500
2011-03-21,17.9900
2011-03-18,17.5700
2011-03-17,17.4200
2011-03-16,16.7500
2011-03-15,18.1000
2011-03-14,18.5200
2011-03-11,18.5600
2011-03-10,18.5500
2011-03-09,19.1500
2011-03-08,18.5000
2011-03-07,18.6500
2011-03-04,18.3000
2011-03-03,18.6000
2011-03-02,18.2000
2011-03-01,18.5200
2011-02-28,17.9000
2011-02-25,17.8000
2011-02-24,17.7500
2011-02-23,18.6000
2011-02-22,19.6600
2011-02-18,19.6000
2011-02-17,20.0500
2011-02-16,21.0000
2011-02-15,19.6000
2011-02-14,19.4500
2011-02-11,19.5000
2011-02-10,20.7500
2011-02-09,20.6400
2011-02-08,21.0000
2011-02-07,21.3500
2011-02-04,20.6000
2011-02-03,21.7000
2011-02-02,20.5000
2011-02-01,20.7500
2011-01-31,20.3500
2011-01-28,20.3000
2011-01-27,21.5500
2011-01-26,21.9500
